Datum,Globalstrahlung,Gesamtschneehöhe,Gesamtbewölkung,Luftdruck,Niederschlag,Sonnenscheindauer,Lufttemperatur,Lufttemperatur (min),Lufttemperatur (max),Luftfeuchtigkeit
20240101,49.55172413793103,32.44,57.77777777777778,890.3344827586208,0.5607142857142857,161.0,-0.5931034482758621,-3.6241379310344826,2.586206896551724,80.26896551724138
20240102,36.758620689655174,31.64,92.22222222222223,886.7931034482758,6.892857142857143,37.55172413793103,2.1310344827586207,-2.472413793103448,5.2379310344827585,77.30344827586208
20240103,55.62068965517241,31.24,46.44444444444444,883.9551724137931,8.082142857142857,224.82758620689654,4.020689655172413,0.8103448275862069,7.662068965517241,72.68275862068967
20240104,52.206896551724135,33.6,59.44444444444444,887.1310344827587,0.5357142857142857,165.51724137931035,2.1482758620689655,-1.3758620689655172,5.651724137931034,76.35517241379311
20240105,18.96551724137931,33.24,97.33333333333333,882.4620689655173,13.87142857142857,1.1724137931034482,1.2000000000000002,-1.2034482758620688,3.317241379310345,85.34137931034483
20240106,27.896551724137932,41.28,98.22222222222223,882.6344827586207,4.107142857142857,2.6206896551724137,-0.07241379310344835,-1.6448275862068966,1.6517241379310348,88.46896551724137
20240107,32.724137931034484,43.24,99.11111111111111,885.1827586206896,3.507142857142857,6.931034482758621,-1.0620689655172413,-3.1241379310344826,0.4758620689655172,84.0758620689655
20240108,31.379310344827587,46.72,92.22222222222223,890.6517241379311,0.20714285714285713,38.13793103448276,-3.810344827586207,-5.603448275862069,-1.7172413793103447,82.52413793103447
20240109,30.03448275862069,45.4,97.77777777777777,895.5310344827586,1.5464285714285713,19.724137931034484,-3.5827586206896553,-5.7620689655172415,-1.5758620689655174,84.11724137931034
20240110,44.310344827586206,46.44,91.66666666666667,897.8482758620689,0.21428571428571427,78.65517241379311,-3.279310344827586,-6.206896551724138,-0.8172413793103448,85.44137931034483
20240111,50.48275862068966,45.32,54.55555555555556,899.0310344827586,0.0,189.48275862068965,-3.8448275862068964,-6.593103448275862,-0.7758620689655172,79.1896551724138
20240112,59.793103448275865,44.44,37.55555555555556,900.6827586206896,0.0,236.6206896551724,-4.231034482758621,-7.013793103448276,-0.9896551724137932,73.81724137931033
20240113,63.44827586206897,43.24,36.111111111111114,897.5241379310345,0.0,243.6206896551724,-4.537931034482758,-7.775862068965517,-0.2413793103448276,67.5
20240114,56.51724137931034,42.56,58.888888888888886,888.1,1.532142857142857,174.44827586206895,-3.2724137931034485,-7.555172413793104,1.2758620689655173,67.5
20240115,44.13793103448276,43.32,64.0,882.3310344827586,0.6749999999999999,104.17241379310344,-1.8586206896551725,-4.80344827586207,1.210344827586207,78.43103448275862
20240116,71.58620689655173,42.6,50.111111111111114,884.5655172413793,2.9071428571428575,246.89655172413794,-3.3517241379310345,-8.03103448275862,1.1172413793103448,70.36551724137931
20240117,32.0,41.64,94.44444444444444,875.6758620689654,13.671428571428573,17.75862068965517,2.496551724137931,-1.882758620689655,6.144827586206896,86.06551724137931
20240118,31.448275862068964,40.8,91.22222222222223,875.9793103448276,10.264285714285716,10.482758620689655,2.3517241379310345,-2.9344827586206894,6.017241379310345,90.11724137931034
20240119,72.27586206896552,45.28,39.44444444444444,891.3241379310346,0.17500000000000002,223.89655172413794,-5.179310344827586,-9.772413793103448,-1.6379310344827587,73.62413793103448
20240120,85.82758620689656,44.32,10.666666666666666,901.3379310344827,0.0,373.41379310344826,-7.027586206896552,-11.427586206896551,-2.282758620689655,63.10344827586207
20240121,69.51724137931035,43.52,43.111111111111114,904.7551724137932,0.0,185.86206896551724,-3.689655172413793,-8.579310344827586,1.8689655172413795,62.03448275862069
20240122,41.827586206896555,42.88,76.11111111111111,901.248275862069,10.289285714285715,17.448275862068964,1.1758620689655173,-5.086206896551724,6.120689655172414,67.67586206896551
20240123,62.689655172413794,42.04,61.22222222222222,905.9137931034483,1.7214285714285715,156.93103448275863,2.7793103448275867,-0.15862068965517248,6.596551724137932,74.78275862068965
20240124,56.206896551724135,41.6,75.55555555555556,906.3896551724138,3.935714285714286,96.10344827586206,7.024137931034482,2.882758620689655,10.562068965517241,76.70344827586207
20240125,67.06896551724138,38.36,57.22222222222222,904.848275862069,2.467857142857143,190.0344827586207,6.272413793103448,2.8551724137931034,9.706896551724139,80.54137931034482
20240126,44.275862068965516,37.04,73.77777777777777,905.2793103448275,5.2178571428571425,74.58620689655173,4.610344827586206,1.210344827586207,7.651724137931034,83.7
20240127,89.0,36.92,29.22222222222222,908.055172413793,0.0,326.7241379310345,2.475862068965517,-1.410344827586207,6.4896551724137925,70.93448275862069
20240128,91.55172413793103,36.2,22.666666666666668,907.7862068965517,0.0,357.7931034482759,2.086206896551724,-2.06551724137931,7.503448275862069,59.327586206896555
20240129,89.96551724137932,36.16,51.44444444444444,907.444827586207,0.0,376.7931034482759,2.6862068965517243,-1.213793103448276,8.058620689655172,62.48275862068966
20240130,83.3103448275862,36.04,60.22222222222222,908.1827586206896,0.0,270.1034482758621,2.6379310344827585,-1.3206896551724137,7.758620689655173,66.0551724137931
20240131,76.37931034482759,36.0,43.888888888888886,908.303448275862,0.010714285714285716,219.0344827586207,2.127586206896552,-1.4172413793103449,7.110344827586206,70.87931034482759
20240201,34.0,35.92,73.66666666666667,906.1827586206896,3.257142857142857,26.620689655172413,2.0827586206896553,-1.3310344827586207,4.944827586206896,82.62413793103448
20240202,56.3448275862069,36.6,65.88888888888889,907.8827586206896,0.03571428571428571,50.44827586206897,2.782758620689655,-0.7827586206896552,6.324137931034483,78.22758620689655
20240203,107.44827586206897,36.56,16.77777777777778,905.9275862068966,0.0,423.7931034482759,4.048275862068966,-0.03793103448275859,9.793103448275861,70.18275862068965
20240204,105.86206896551724,36.36,42.333333333333336,904.4586206896552,0.0,389.37931034482756,3.6551724137931036,-0.5793103448275863,8.972413793103447,70.12068965517241
20240205,105.27586206896552,36.2,34.77777777777778,902.1172413793104,0.0,402.55172413793105,3.589655172413793,-0.5793103448275863,8.979310344827585,65.94137931034483
20240206,86.48275862068965,36.04,62.111111111111114,897.5103448275862,0.0,260.44827586206895,2.36551724137931,-1.686206896551724,7.341379310344828,67.96896551724139
20240207,75.79310344827586,35.92,73.11111111111111,890.5344827586207,5.760714285714286,131.89655172413794,2.4379310344827587,-2.093103448275862,6.789655172413793,75.21379310344827
20240208,68.17241379310344,36.52,80.22222222222223,883.4206896551724,2.9250000000000003,85.79310344827586,5.175862068965517,2.2655172413793103,8.9,82.03103448275863
20240209,36.3448275862069,36.44,100.0,873.9965517241379,6.4071428571428575,5.655172413793103,5.6482758620689655,3.872413793103448,7.627586206896551,81.5551724137931
20240210,56.6551724137931,37.96,95.88888888888889,868.1827586206896,5.803571428571429,39.793103448275865,5.23103448275862,2.493103448275862,8.072413793103449,79.16206896551724
20240211,71.51724137931035,39.24,91.77777777777777,875.0689655172414,1.6392857142857142,53.58620689655172,2.4896551724137934,0.4379310344827586,5.386206896551724,83.2551724137931
20240212,86.48275862068965,39.32,82.44444444444444,884.048275862069,0.7642857142857143,112.34482758620689,2.1206896551724137,-0.5379310344827586,4.962068965517242,78.81379310344828
20240213,129.20689655172413,39.68,25.3,895.5448275862069,0.0071428571428571435,454.82758620689657,1.6793103448275861,-2.527586206896552,6.175862068965517,68.73793103448276
20240214,102.62068965517241,38.88,56.0,899.8379310344827,0.0035714285714285718,235.72413793103448,3.996551724137931,-1.103448275862069,9.568965517241379,63.265517241379314
20240215,93.65517241379311,38.44,72.6,897.1862068965518,0.0,187.58620689655172,5.486206896551724,0.41724137931034494,10.751724137931035,64.0
20240216,99.51724137931035,38.04,75.9,896.9172413793103,0.20357142857142857,236.72413793103448,6.882758620689655,2.679310344827586,11.827586206896552,69.08275862068966
20240217,82.41379310344827,37.56,65.5,905.1379310344828,0.575,155.06896551724137,6.155172413793103,3.2758620689655173,9.437931034482759,82.97241379310344
20240218,98.24137931034483,36.6,79.3,905.8413793103449,4.464285714285714,168.58620689655172,5.713793103448276,2.0344827586206895,9.56551724137931,75.22413793103448
20240219,88.58620689655173,36.88,76.4,903.7827586206897,7.625,131.9655172413793,4.944827586206896,2.5931034482758624,7.93448275862069,80.2896551724138
20240220,117.34482758620689,38.32,57.4,903.3655172413793,0.6178571428571429,245.68965517241378,2.8551724137931034,-0.7241379310344828,6.30344827586207,76.19655172413792
20240221,113.58620689655173,37.88,81.0,897.3620689655172,1.717857142857143,233.82758620689654,4.06551724137931,-1.3655172413793102,9.00344827586207,63.97241379310345
20240222,38.96551724137931,37.56,99.2,882.6103448275862,18.732142857142858,0.4827586206896552,5.020689655172413,1.7448275862068967,7.527586206896552,80.03793103448275
20240223,93.86206896551724,43.88,65.9,876.5620689655173,2.092857142857143,181.0344827586207,0.7655172413793103,-3.189655172413793,4.017241379310345,77.21724137931034
20240224,101.24137931034483,44.92,73.2,881.3310344827586,3.753571428571429,183.6206896551724,-0.09310344827586198,-4.120689655172414,3.4896551724137934,76.07931034482759
20240225,135.51724137931035,47.76,66.3,881.6275862068966,2.8464285714285715,344.0344827586207,1.1482758620689657,-3.537931034482759,5.2379310344827585,70.17586206896551
20240226,77.79310344827586,47.6,88.8,878.7413793103449,4.175,58.37931034482759,2.9413793103448276,0.12758620689655176,5.951724137931034,73.48275862068965
20240227,63.275862068965516,48.28,98.0,885.7793103448275,2.3392857142857144,17.82758620689655,2.9896551724137934,0.46896551724137925,5.279310344827586,84.2448275862069
20240228,78.79310344827586,47.28,89.7,894.0379310344827,0.05357142857142857,65.27586206896552,3.944827586206897,2.1413793103448278,6.468965517241379,83.4448275862069
20240229,120.20689655172414,45.68,79.2,889.755172413793,3.9107142857142856,268.17241379310343,4.310344827586207,1.1517241379310343,8.248275862068965,79.83103448275861
20240301,61.48275862068966,45.0,94.7,884.4620689655173,7.678571428571429,17.24137931034483,3.127586206896552,0.9586206896551724,5.137931034482759,89.7448275862069
20240302,113.89655172413794,45.92,84.2,881.6551724137931,3.2785714285714285,196.68965517241378,4.051724137931035,0.24482758620689657,7.8517241379310345,78.70344827586207
20240303,106.82758620689656,45.6,93.4,878.551724137931,1.5142857142857142,133.93103448275863,5.096551724137932,2.1448275862068966,8.724137931034482,70.13103448275862
20240304,107.58620689655173,45.16,74.3,886.3482758620689,0.09642857142857143,187.24137931034483,3.475862068965517,0.9344827586206896,6.413793103448276,80.78620689655173
20240305,73.44827586206897,44.04,96.0,890.5241379310345,13.392857142857142,27.620689655172413,2.103448275862069,-0.8999999999999999,5.031034482758621,85.00689655172413
20240306,95.6896551724138,52.44,92.5,894.1655172413792,4.085714285714286,62.06896551724138,0.32758620689655177,-1.913793103448276,2.531034482758621,85.50344827586207
20240307,155.79310344827587,51.76,45.1,892.3724137931034,0.014285714285714287,369.51724137931035,0.6655172413793102,-3.8241379310344827,5.058620689655172,76.92758620689655
20240308,125.41379310344827,49.12,76.7,886.1827586206896,1.0785714285714285,228.82758620689654,1.7689655172413792,-2.720689655172414,5.7620689655172415,73.35862068965517
20240309,115.75862068965517,48.52,85.9,880.1034482758621,2.0,173.44827586206895,4.055172413793104,-0.3137931034482758,7.368965517241379,65.82758620689656
20240310,39.62068965517241,47.72,98.8,875.3896551724138,14.975,3.8275862068965516,3.496551724137931,-0.33793103448275863,7.093103448275862,78.17931034482758
20240311,157.72413793103448,54.36,60.9,884.0793103448276,0.7357142857142858,286.82758620689657,2.113793103448276,-2.506896551724138,6.658620689655172,79.82068965517242
20240312,106.37931034482759,52.68,77.3,893.3310344827586,8.635714285714286,98.34482758620689,3.0241379310344825,0.22758620689655173,5.951724137931034,79.7551724137931
20240313,123.20689655172414,55.04,76.7,894.7965517241379,4.771428571428571,146.13793103448276,4.296551724137931,1.0310344827586206,8.303448275862069,84.31724137931033
20240314,188.58620689655172,53.04,54.3,893.4344827586207,0.0035714285714285718,499.9655172413793,5.862068965517241,0.3620689655172414,12.144827586206896,73.04827586206896
20240315,137.0344827586207,51.08,75.5,893.8689655172413,9.685714285714285,205.06896551724137,6.844827586206897,2.779310344827586,11.424137931034483,74.10344827586206
20240316,154.6551724137931,51.12,70.4,897.7965517241379,1.1178571428571427,241.9655172413793,6.093103448275862,2.7758620689655173,10.158620689655173,78.59310344827585
20240317,106.48275862068965,48.4,85.9,898.055172413793,4.746428571428572,70.17241379310344,5.586206896551724,1.2206896551724138,9.37241379310345,75.06551724137931
20240318,71.10344827586206,47.8,87.6,893.8103448275862,14.367857142857144,40.13793103448276,5.748275862068965,3.3000000000000003,8.358620689655172,88.85517241379311
20240319,202.89655172413794,48.52,55.0,895.3379310344827,0.0,518.3103448275862,5.9655172413793105,1.5517241379310345,11.210344827586209,75.43793103448276
20240320,209.13793103448276,46.68,56.7,897.1172413793104,0.5321428571428571,567.4137931034483,7.189655172413793,1.2034482758620688,13.506896551724138,67.20689655172414
20240321,123.79310344827586,45.8,77.9,900.2827586206897,4.003571428571429,175.27586206896552,7.927586206896552,3.7448275862068963,12.53793103448276,74.5206896551724
20240322,208.13793103448276,45.04,63.8,896.8310344827586,0.42142857142857143,484.3448275862069,8.244827586206897,2.7896551724137932,14.437931034482759,56.99655172413794
20240323,132.20689655172413,44.16,76.7,890.106896551724,8.553571428571429,185.9655172413793,4.2827586206896555,-0.2965517241379313,9.662068965517241,69.03793103448277
20240324,140.48275862068965,46.88,72.2,887.6862068965518,2.8964285714285714,145.72413793103448,0.8655172413793104,-1.996551724137931,4.027586206896552,71.71724137931035
20240325,228.13793103448276,46.64,52.3,882.4620689655173,0.04642857142857142,516.2413793103449,3.024137931034483,-3.6482758620689655,8.320689655172414,54.53448275862069
20240326,161.3448275862069,45.44,80.4,873.8620689655172,4.25,261.3448275862069,5.968965517241379,1.479310344827586,10.162068965517241,57.265517241379314
20240327,55.44827586206897,46.0,91.8,869.5310344827586,11.664285714285715,27.551724137931036,2.8689655172413793,-0.8103448275862071,7.127586206896551,83.7655172413793
20240328,114.89655172413794,49.28,75.5,875.7103448275861,3.8464285714285715,135.27586206896552,2.4172413793103447,-1.4482758620689655,6.613793103448276,75.34482758620689
20240329,133.93103448275863,49.96,89.7,880.8241379310346,2.789285714285714,110.3103448275862,8.068965517241379,1.5,12.555172413793104,59.765517241379314
20240330,107.65517241379311,47.72,94.3,879.3793103448276,13.24642857142857,53.51724137931034,8.427586206896551,3.8689655172413793,12.203448275862069,65.01724137931035
20240331,131.10344827586206,48.2,91.4,877.8827586206896,20.682142857142857,140.0,7.127586206896552,3.4827586206896552,11.03448275862069,74.87931034482759
20240401,99.79310344827586,50.68,88.9,880.7344827586206,10.482142857142858,73.48275862068965,4.517241379310345,1.3482758620689652,8.520689655172413,82.40689655172415
20240402,220.44827586206895,51.04,53.1,890.803448275862,0.5892857142857143,434.41379310344826,4.503448275862069,0.503448275862069,9.62758620689655,68.36551724137931
20240403,105.34482758620689,49.56,94.0,891.0103448275862,2.5035714285714286,27.79310344827586,5.3,1.5448275862068965,8.420689655172414,76.41034482758621
20240404,169.24137931034483,49.36,72.3,894.7344827586206,0.1392857142857143,199.75862068965517,8.310344827586206,3.4551724137931035,12.786206896551725,71.33103448275861
20240405,231.3793103448276,48.16,67.0,896.5413793103448,0.0,489.3103448275862,10.96896551724138,4.662068965517241,16.90344827586207,59.706896551724135
20240406,251.0,46.04,63.4,898.0931034482759,0.0,564.6551724137931,12.824137931034482,5.789655172413793,20.06896551724138,48.42413793103448
20240407,179.0,44.12,90.5,897.303448275862,0.0,169.44827586206895,13.73448275862069,7.948275862068965,19.482758620689655,48.20344827586207
20240408,200.6206896551724,43.0,70.1,892.2172413793103,0.6,346.9310344827586,14.751724137931035,8.717241379310344,19.96206896551724,46.83793103448276
20240409,58.13793103448276,40.84,95.1,894.3137931034482,14.875,13.724137931034482,6.389655172413794,1.2689655172413792,15.141379310344828,77.37241379310345
20240410,132.3793103448276,42.72,88.8,902.0,1.2750000000000001,75.44827586206897,3.5,0.4551724137931034,6.9655172413793105,79.4793103448276
20240411,266.7241379310345,41.96,21.7,907.1620689655173,0.0,628.551724137931,7.503448275862069,1.1413793103448275,13.710344827586209,69.92068965517241
20240412,270.2758620689655,40.56,39.1,908.1379310344828,0.0,635.1379310344828,10.441379310344828,3.613793103448276,17.544827586206896,63.56206896551724
20240413,275.13793103448273,38.96,52.3,905.6413793103447,0.0,670.0344827586207,12.793103448275861,5.872413793103449,20.20689655172414,55.179310344827584
20240414,278.7931034482759,37.84,42.7,900.7551724137932,0.17857142857142858,668.4827586206897,14.248275862068965,7.172413793103448,21.66551724137931,51.55172413793103
20240415,148.17241379310346,36.48,83.5,891.0275862068966,3.9321428571428574,159.10344827586206,11.810344827586206,6.848275862068966,16.05862068965517,66.95172413793104
20240416,198.6551724137931,35.84,66.9,886.9275862068966,7.089285714285714,239.9655172413793,4.027586206896552,0.4172413793103448,8.248275862068965,67.41724137931034
20240417,149.06896551724137,39.32,80.9,886.5896551724137,7.064285714285715,122.86206896551724,1.210344827586207,-1.3482758620689657,4.448275862068965,80.19310344827586
20240418,195.0344827586207,40.68,81.6,890.7137931034483,2.2142857142857144,177.31034482758622,0.3620689655172413,-2.410344827586207,3.720689655172414,76.22413793103448
20240419,123.93103448275862,39.16,87.9,892.448275862069,12.885714285714286,69.17241379310344,1.2620689655172415,-2.6999999999999997,4.582758620689655,76.56551724137931
20240420,194.13793103448276,44.68,74.2,892.7413793103449,3.9857142857142853,175.41379310344828,1.1413793103448275,-1.5448275862068965,4.155172413793103,77.49655172413793
20240421,160.13793103448276,44.2,87.9,892.2931034482758,4.45,90.24137931034483,-0.4206896551724137,-3.103448275862069,3.306896551724138,79.46206896551725
20240422,121.51724137931035,45.4,97.5,890.6620689655173,2.1821428571428574,18.413793103448278,-0.9172413793103448,-3.151724137931035,1.2586206896551724,82.60344827586206
20240423,160.24137931034483,47.44,94.2,888.1448275862069,1.1357142857142857,70.3103448275862,0.11379310344827584,-2.1482758620689655,2.8758620689655174,78.37586206896552
20240424,209.6551724137931,47.44,82.2,886.4172413793103,2.0464285714285713,200.44827586206895,0.9482758620689655,-2.296551724137931,4.837931034482759,71.2896551724138
20240425,265.55172413793105,47.64,50.4,884.6137931034483,0.3821428571428571,409.58620689655174,1.8034482758620691,-2.413793103448276,6.558620689655172,65.68275862068965
20240426,197.68965517241378,44.6,87.6,885.1931034482758,0.8964285714285715,225.6551724137931,4.5793103448275865,0.12413793103448281,9.058620689655172,70.51724137931035
20240427,238.6206896551724,43.36,70.9,887.6896551724138,2.782142857142857,390.7241379310345,7.586206896551724,1.7448275862068967,12.26551724137931,63.04827586206897
20240428,132.27586206896552,42.32,92.6,893.0758620689655,4.3,81.20689655172414,8.041379310344826,4.393103448275863,11.458620689655174,73.20344827586207
20240429,245.0,41.04,77.1,897.106896551724,0.017857142857142856,383.9655172413793,9.937931034482759,3.9827586206896552,15.544827586206896,68.12413793103448
20240430,235.0344827586207,39.12,67.6,893.5034482758621,1.1428571428571428,384.8965517241379,12.524137931034483,6.341379310344828,17.824137931034482,55.92758620689656
20240501,173.06896551724137,36.52,88.77777777777777,884.7896551724139,4.7,185.48275862068965,11.882758620689655,7.524137931034482,16.506896551724136,64.22068965517242
20240502,136.27586206896552,34.56,90.66666666666667,882.7344827586206,8.107142857142858,74.86206896551724,8.303448275862069,4.927586206896552,12.296551724137931,80.32068965517242
20240503,149.06896551724137,34.4,92.22222222222223,891.5310344827586,2.782142857142857,65.89655172413794,6.13448275862069,3.262068965517241,9.555172413793104,81.18620689655172
20240504,249.68965517241378,34.6,77.66666666666667,892.3103448275862,0.7678571428571429,358.37931034482756,8.434482758620689,2.372413793103448,13.937931034482759,71.81379310344828
20240505,196.6551724137931,34.04,88.0,891.196551724138,4.325,158.24137931034483,10.979310344827585,6.9896551724137925,15.63103448275862,74.44137931034483
20240506,92.13793103448276,33.44,97.77777777777777,889.6034482758621,10.928571428571429,17.379310344827587,8.789655172413793,6.658620689655172,11.220689655172412,87.35517241379311
20240507,95.34482758620689,33.2,100.0,892.6482758620689,12.792857142857143,0.6896551724137931,6.703448275862069,5.258620689655173,8.637931034482758,91.84137931034483
20240508,199.3448275862069,34.12,77.44444444444444,898.0068965517241,0.9,201.10344827586206,8.286206896551725,5.441379310344828,11.986206896551725,82.2448275862069
20240509,278.37931034482756,33.72,45.44444444444444,898.948275862069,0.0,463.7931034482759,9.96896551724138,5.175862068965517,15.065517241379311,73.77241379310345
20240510,330.3103448275862,33.28,32.55555555555556,897.8241379310346,0.0,677.1034482758621,11.706896551724139,5.127586206896551,18.03793103448276,67.95862068965518
20240511,327.51724137931035,32.96,25.22222222222222,896.9931034482759,0.08214285714285714,684.4827586206897,12.941379310344828,6.141379310344828,19.47241379310345,63.220689655172414
20240512,248.48275862068965,32.52,78.33333333333333,895.248275862069,4.9678571428571425,381.0344827586207,13.562068965517241,8.055172413793104,19.606896551724137,67.92068965517241
20240513,199.44827586206895,31.68,82.0,892.2758620689655,2.0107142857142857,204.13793103448276,12.062068965517241,8.075862068965517,16.751724137931035,75.42758620689655
20240514,235.6206896551724,31.2,68.55555555555556,886.8793103448276,8.957142857142857,375.0344827586207,12.313793103448276,6.824137931034483,17.872413793103448,71.60000000000001
20240515,149.31034482758622,30.52,95.88888888888889,885.6,9.135714285714286,68.44827586206897,10.075862068965517,7.248275862068966,13.624137931034484,82.6896551724138
20240516,130.82758620689654,30.04,94.11111111111111,885.0655172413793,17.839285714285715,97.17241379310344,8.124137931034483,5.437931034482758,12.12758620689655,86.78275862068965
20240517,254.17241379310346,30.4,72.22222222222223,888.0379310344827,0.7535714285714287,331.3103448275862,8.955172413793104,5.127586206896551,14.048275862068964,77.74137931034483
20240518,221.82758620689654,29.44,68.875,890.8482758620689,2.9107142857142856,301.2413793103448,10.189655172413794,5.796551724137931,15.779310344827588,75.56551724137931
20240519,251.72413793103448,28.96,59.22222222222222,890.6103448275862,0.5,331.37931034482756,10.879310344827585,5.9896551724137925,16.324137931034482,74.76206896551724
20240520,247.3793103448276,28.44,81.55555555555556,888.5758620689655,8.442857142857143,369.0344827586207,12.310344827586206,6.520689655172413,17.71379310344828,70.82758620689656
20240521,159.68965517241378,27.84,94.55555555555556,887.5379310344827,6.946428571428571,118.79310344827586,10.072413793103449,7.837931034482759,14.072413793103449,85.15172413793104
20240522,216.06896551724137,27.64,85.11111111111111,891.4551724137931,5.557142857142857,184.0,10.286206896551725,7.337931034482759,15.03448275862069,80.90689655172415
20240523,155.0,27.64,93.77777777777777,894.4344827586207,7.8999999999999995,77.3103448275862,8.46551724137931,5.958620689655173,11.76896551724138,87.94827586206897
20240524,212.58620689655172,27.52,85.11111111111111,895.6103448275862,3.9285714285714284,197.48275862068965,9.041379310344826,5.482758620689655,14.117241379310345,82.56206896551724
20240525,249.24137931034483,27.2,69.11111111111111,895.4689655172414,0.7392857142857142,327.62068965517244,9.76896551724138,5.686206896551725,14.63103448275862,78.32758620689656
20240526,263.86206896551727,26.68,57.0,896.6931034482758,2.592857142857143,414.37931034482756,12.141379310344828,5.537931034482758,17.875862068965517,68.5551724137931
20240527,141.3793103448276,26.12,91.33333333333333,896.7310344827587,10.021428571428572,77.82758620689656,11.513793103448275,8.303448275862069,15.568965517241379,85.13793103448276
20240528,288.6896551724138,25.56,54.44444444444444,896.9827586206897,0.03928571428571428,450.0344827586207,10.648275862068965,6.506896551724138,15.299999999999999,71.41724137931034
20240529,203.3793103448276,25.12,86.11111111111111,893.3655172413793,8.057142857142857,148.10344827586206,11.527586206896553,6.968965517241379,16.43448275862069,73.84137931034483
20240530,176.68965517241378,24.6,88.22222222222223,887.0206896551724,16.20357142857143,128.58620689655172,10.855172413793104,6.937931034482758,15.189655172413794,87.06896551724138
20240531,89.41379310344827,24.8,96.33333333333333,888.6137931034483,18.86785714285714,6.620689655172414,6.63448275862069,5.082758620689655,8.641379310344828,88.16206896551724
20240601,199.93103448275863,26.64,85.22222222222223,893.6517241379311,2.1142857142857143,150.55172413793105,9.427586206896551,5.810344827586207,13.327586206896552,82.08620689655173
20240602,153.48275862068965,26.84,95.0,895.5724137931034,10.257142857142856,41.06896551724138,10.482758620689655,7.910344827586207,13.858620689655172,87.67241379310344
20240603,154.27586206896552,26.28,89.55555555555556,894.7241379310345,4.475,86.10344827586206,11.089655172413794,8.810344827586206,13.96206896551724,87.43103448275862
20240604,306.51724137931035,25.68,54.666666666666664,893.1206896551724,0.3821428571428571,522.7241379310345,13.279310344827588,8.172413793103448,18.50344827586207,75.01379310344828
20240605,295.0689655172414,25.04,58.888888888888886,894.3379310344827,1.0285714285714287,499.3103448275862,14.796551724137931,9.082758620689654,20.43793103448276,71.00689655172413
20240606,252.0344827586207,24.36,75.55555555555556,896.6482758620689,2.6999999999999997,398.17241379310343,14.96896551724138,9.596551724137932,21.25172413793103,73.08275862068966
20240607,261.2068965517241,23.72,78.88888888888889,897.1689655172414,2.6750000000000003,375.3103448275862,15.786206896551725,10.848275862068967,21.124137931034483,75.25862068965517
20240608,187.0,22.48,84.33333333333333,893.4,4.6499999999999995,193.72413793103448,15.710344827586209,11.23103448275862,20.151724137931033,78.67241379310344
20240609,165.58620689655172,21.16,96.33333333333333,888.1241379310344,14.196428571428571,81.37931034482759,14.558620689655172,11.10344827586207,19.28620689655172,84.51379310344828
20240610,251.72413793103448,20.04,71.33333333333333,888.2448275862068,1.6,310.2758620689655,12.803448275862069,9.313793103448276,17.09655172413793,76.53793103448275
20240611,144.6551724137931,19.56,86.55555555555556,891.7965517241379,4.064285714285715,75.20689655172414,9.26896551724138,6.1000000000000005,13.12758620689655,82.03103448275863
20240612,287.3103448275862,19.28,62.888888888888886,893.6862068965518,0.8464285714285715,416.17241379310343,9.762068965517242,4.944827586206896,14.758620689655173,70.8103448275862
20240613,333.6896551724138,18.48,42.55555555555556,894.4413793103448,0.2571428571428572,602.0344827586207,11.227586206896552,6.0793103448275865,16.46551724137931,64.21724137931034
20240614,146.27586206896552,18.0,89.55555555555556,892.7724137931035,12.5,64.0,12.251724137931035,8.724137931034482,16.06206896551724,75.82413793103449
20240615,157.6206896551724,17.6,93.22222222222223,890.4344827586207,8.703571428571427,131.6206896551724,11.948275862068966,9.324137931034482,15.820689655172414,82.5
20240616,296.51724137931035,17.2,70.88888888888889,891.2965517241379,0.060714285714285714,416.6551724137931,13.658620689655173,8.710344827586207,19.02758620689655,71.32068965517242
20240617,255.86206896551724,17.0,68.22222222222223,894.7034482758621,0.29642857142857143,371.9310344827586,15.36896551724138,10.593103448275862,20.26551724137931,71.45862068965518
20240618,312.2413793103448,16.0,69.66666666666667,895.3965517241379,0.0,619.6206896551724,18.106896551724137,10.758620689655173,24.16896551724138,61.43793103448276
20240619,300.2758620689655,15.2,61.666666666666664,895.748275862069,1.2714285714285716,540.8620689655172,19.196551724137933,13.437931034482759,24.74137931034483,65.08275862068966
20240620,119.41379310344827,14.8,95.44444444444444,898.4,5.817857142857143,38.241379310344826,17.348275862068967,14.072413793103449,20.99655172413793,78.21379310344827
20240621,90.58620689655173,14.4,97.33333333333333,895.7068965517242,21.789285714285715,52.44827586206897,14.406896551724138,10.624137931034484,19.400000000000002,86.40689655172415
20240622,175.51724137931035,14.0,82.44444444444444,894.6827586206896,12.078571428571427,189.24137931034483,11.541379310344826,8.296551724137931,16.46206896551724,85.56206896551724
20240623,154.6206896551724,13.8,91.44444444444444,895.2034482758621,1.1142857142857143,53.03448275862069,11.637931034482758,8.344827586206897,15.144827586206896,84.7655172413793
20240624,291.37931034482756,13.2,50.0,894.3517241379311,0.08928571428571429,493.0689655172414,15.689655172413794,9.927586206896551,21.03103448275862,74.74827586206897
20240625,265.51724137931035,12.8,59.333333333333336,892.3862068965517,5.110714285714286,472.82758620689657,15.924137931034483,11.193103448275863,22.03448275862069,77.5758620689655
20240626,209.17241379310346,12.4,79.66666666666667,892.3551724137931,4.953571428571428,242.27586206896552,15.296551724137931,11.56551724137931,20.313793103448276,81.93793103448276
20240627,261.2758620689655,12.0,50.111111111111114,893.8655172413794,1.957142857142857,416.37931034482756,17.851724137931036,12.586206896551724,23.33448275862069,74.34137931034483
20240628,283.86206896551727,11.8,64.44444444444444,897.4689655172414,0.7285714285714285,507.6551724137931,19.558620689655175,13.668965517241379,25.53793103448276,70.76896551724138
20240629,159.82758620689654,11.6,82.0,894.1344827586207,9.775,237.06896551724137,19.586206896551722,14.482758620689655,24.727586206896554,71.16551724137932
20240630,146.24137931034483,10.8,88.66666666666667,892.5862068965517,5.189285714285715,103.06896551724138,15.89310344827586,13.048275862068964,19.096551724137928,83.2896551724138
20240701,184.3793103448276,10.6,87.11111111111111,894.4103448275863,4.714285714285714,151.72413793103448,14.155172413793103,11.479310344827585,18.317241379310346,82.02758620689656
20240702,217.86206896551724,10.4,67.22222222222223,893.8172413793104,2.292857142857143,232.89655172413794,12.889655172413793,10.03103448275862,17.06896551724138,76.27931034482758
20240703,143.89655172413794,10.0,92.22222222222223,890.8068965517242,4.889285714285714,65.55172413793103,11.49655172413793,9.027586206896553,14.882758620689655,84.06551724137931
20240704,282.7586206896552,9.6,46.333333333333336,892.5206896551724,0.10714285714285714,413.3448275862069,13.93448275862069,8.475862068965517,19.396551724137932,71.30689655172414
20240705,322.0344827586207,8.6,57.55555555555556,893.8620689655172,0.0035714285714285718,605.9310344827586,16.53448275862069,10.041379310344826,22.217241379310344,68.86551724137931
20240706,124.41379310344827,8.4,90.22222222222223,890.948275862069,24.400000000000002,143.0,15.406896551724138,11.720689655172412,20.013793103448275,82.16551724137932
20240707,169.24137931034483,8.0,87.22222222222223,893.7620689655172,7.264285714285714,121.62068965517241,12.948275862068966,10.39310344827586,16.393103448275863,87.21724137931035
20240708,327.48275862068965,7.8,35.888888888888886,896.4862068965517,0.0071428571428571435,645.5172413793103,16.513793103448275,10.668965517241379,22.313793103448276,75.0758620689655
20240709,326.13793103448273,7.2,31.555555555555557,896.9758620689655,1.157142857142857,689.7586206896551,19.36551724137931,12.506896551724138,25.71379310344828,67.41379310344827
20240710,223.17241379310346,6.8,68.66666666666667,897.9379310344827,2.9464285714285716,282.6896551724138,18.586206896551722,14.675862068965518,23.33103448275862,76.10689655172413
20240711,272.44827586206895,6.4,52.888888888888886,897.1275862068966,8.121428571428572,447.17241379310343,18.837931034482757,14.620689655172415,24.279310344827586,77.90344827586206
20240712,131.3448275862069,5.6,95.0,893.4,15.942857142857141,95.6896551724138,15.827586206896552,11.648275862068965,20.79655172413793,85.04137931034482
20240713,254.75862068965517,5.2,65.88888888888889,892.9137931034483,0.060714285714285714,370.62068965517244,13.906896551724138,9.972413793103447,17.96206896551724,76.95862068965518
20240714,297.8965517241379,4.8,51.55555555555556,894.1,0.0,553.6551724137931,16.089655172413792,9.596551724137932,21.824137931034482,68.72413793103448
20240715,270.55172413793105,4.4,59.666666666666664,893.9862068965517,11.535714285714286,423.2068965517241,18.655172413793103,12.865517241379312,24.86551724137931,70.86206896551724
20240716,240.86206896551724,4.0,65.88888888888889,896.0931034482759,0.5892857142857143,336.37931034482756,17.400000000000002,13.941379310344828,21.79310344827586,77.62758620689655
20240717,245.3793103448276,3.8,67.33333333333333,899.0620689655173,0.21428571428571427,372.3103448275862,16.720689655172414,12.727586206896552,21.03793103448276,75.2103448275862
20240718,324.86206896551727,3.0,30.22222222222222,899.8172413793104,0.0,710.0,18.658620689655173,12.686206896551724,24.586206896551722,71.28620689655173
20240719,260.41379310344826,2.4,50.55555555555556,898.3793103448276,2.5107142857142857,506.0,19.093103448275862,13.63103448275862,25.186206896551724,69.81379310344828
20240720,309.2758620689655,1.8,32.55555555555556,892.5793103448276,1.025,653.0689655172414,19.54137931034483,13.724137931034482,25.42413793103448,65.95517241379311
20240721,202.0,1.2,79.33333333333333,891.9551724137931,6.507142857142857,271.9310344827586,17.720689655172414,14.124137931034484,22.50344827586207,77.51724137931035
20240722,210.41379310344828,0.8,72.44444444444444,897.4827586206897,1.407142857142857,228.44827586206895,17.117241379310343,13.862068965517242,20.900000000000002,80.7
20240723,279.3103448275862,0.6,59.0,899.1793103448276,1.4892857142857143,446.58620689655174,18.017241379310345,13.813793103448276,22.903448275862072,72.97586206896553
20240724,276.82758620689657,0.6,67.0,897.4793103448276,0.11785714285714285,482.1034482758621,17.120689655172413,12.986206896551725,21.393103448275863,71.90689655172415
20240725,318.6896551724138,0.4,43.22222222222222,894.3000000000001,0.028571428571428574,694.6896551724138,17.589655172413792,11.941379310344828,22.989655172413794,68.23448275862069
20240726,304.6896551724138,0.4,48.77777777777778,893.9931034482759,0.09285714285714286,654.4137931034483,19.23793103448276,13.693103448275862,24.510344827586206,70.15862068965517
20240727,254.58620689655172,0.4,55.55555555555556,896.248275862069,1.9428571428571428,425.2068965517241,20.475862068965515,15.241379310344827,26.406896551724138,70.0206896551724
20240728,232.9655172413793,0.4,57.375,901.3206896551724,0.2285714285714286,397.86206896551727,19.00344827586207,15.299999999999999,23.03448275862069,78.00689655172413
20240729,309.7586206896552,0.4,21.0,900.7034482758621,0.0,693.1379310344828,19.837931034482757,14.058620689655172,25.67241379310345,69.80689655172414
20240730,298.7931034482759,0.2,44.44444444444444,898.6,0.0,658.3448275862069,21.46896551724138,14.83448275862069,28.23448275862069,61.97586206896552
20240731,218.41379310344828,0.0,53.0,896.4896551724138,9.114285714285714,431.2758620689655,20.162068965517243,15.03793103448276,27.824137931034482,68.28275862068966
20240801,181.72413793103448,0.0,70.88888888888889,894.6206896551724,5.271428571428571,290.9655172413793,18.158620689655173,14.427586206896551,23.982758620689655,77.93103448275862
20240802,233.86206896551724,0.0,58.77777777777778,893.3413793103449,5.228571428571429,407.2068965517241,18.182758620689654,13.844827586206897,23.693103448275863,75.48965517241379
20240803,246.86206896551724,0.0,58.44444444444444,893.7551724137932,0.049999999999999996,438.6896551724138,17.56896551724138,13.455172413793104,22.32758620689655,74.43103448275862
20240804,259.7241379310345,0.0,72.5,895.3827586206896,0.09642857142857142,482.44827586206895,17.655172413793103,13.362068965517242,22.07586206896552,71.7551724137931
20240805,297.41379310344826,0.0,45.111111111111114,894.6689655172414,0.0,653.1034482758621,18.56206896551724,13.60344827586207,23.886206896551727,70.63448275862069
20240806,292.58620689655174,0.0,27.0,893.5862068965517,1.7071428571428573,648.5172413793103,19.651724137931033,13.451724137931036,25.675862068965518,67.97586206896551
20240807,158.20689655172413,0.0,82.0,895.048275862069,6.457142857142857,218.3793103448276,17.324137931034482,13.820689655172414,21.76206896551724,79.01379310344828
20240808,246.6551724137931,0.0,62.44444444444444,896.9068965517241,1.1964285714285714,464.2758620689655,17.862068965517242,13.117241379310345,22.7551724137931,74.63793103448276
20240809,290.0,0.0,30.444444444444443,899.1310344827587,0.0071428571428571435,678.8965517241379,18.95862068965517,12.775862068965518,24.86551724137931,69.7448275862069
20240810,303.48275862068965,0.0,7.444444444444445,901.3344827586208,0.0,727.2068965517242,20.393103448275863,14.16551724137931,26.46206896551724,67.97586206896551
20240811,291.2068965517241,0.0,33.111111111111114,899.6724137931035,1.5464285714285713,670.7241379310345,21.73793103448276,15.617241379310345,27.720689655172414,69.2
20240812,258.9310344827586,0.0,48.44444444444444,896.0344827586207,5.589285714285714,553.7241379310345,21.17241379310345,15.403448275862068,27.844827586206897,68.65517241379311
20240813,276.0344827586207,0.0,33.44444444444444,893.3344827586208,3.164285714285714,614.5172413793103,20.382758620689657,14.389655172413793,27.13448275862069,65.45172413793104
20240814,198.68965517241378,0.0,70.11111111111111,894.8724137931034,3.0214285714285714,374.2758620689655,18.189655172413794,14.055172413793104,23.71034482758621,72.66896551724139
20240815,254.06896551724137,0.0,49.666666666666664,898.0172413793103,0.28214285714285714,564.6551724137931,18.693103448275863,12.975862068965517,24.57241379310345,72.43103448275862
20240816,248.55172413793105,0.0,46.888888888888886,897.6655172413792,4.146428571428571,510.48275862068965,19.66896551724138,14.848275862068967,25.03448275862069,73.11379310344829
20240817,155.79310344827587,0.0,74.66666666666667,894.4896551724138,17.507142857142856,170.75862068965517,18.048275862068966,14.958620689655174,21.47241379310345,83.50689655172413
20240818,90.62068965517241,0.0,96.0,891.7068965517242,12.796428571428573,20.586206896551722,14.37241379310345,12.120689655172415,16.94137931034483,90.1103448275862
20240819,217.0344827586207,0.0,77.0,894.6103448275862,0.05714285714285715,344.44827586206895,15.041379310344826,11.668965517241379,19.510344827586206,79.2344827586207
20240820,251.51724137931035,0.0,46.888888888888886,893.7586206896551,0.8357142857142856,504.82758620689657,16.948275862068964,11.879310344827585,22.093103448275862,78.10000000000001
20240821,236.31034482758622,0.0,63.111111111111114,896.5413793103448,0.04285714285714286,452.9310344827586,15.882758620689655,11.072413793103449,20.086206896551722,72.43448275862069
20240822,248.44827586206895,0.0,47.888888888888886,895.0103448275862,0.5035714285714286,595.9310344827586,16.017241379310345,10.386206896551723,22.141379310344828,73.24137931034483
20240823,273.7241379310345,0.0,21.333333333333332,895.7827586206897,0.0035714285714285718,674.5172413793103,18.220689655172414,11.73103448275862,24.848275862068967,66.15862068965517
20240824,246.86206896551724,0.0,39.0,895.7620689655172,6.414285714285714,574.9655172413793,19.903448275862072,13.196551724137931,26.627586206896552,65.36896551724138
20240825,123.37931034482759,0.0,78.22222222222223,899.3965517241379,2.757142857142857,111.75862068965517,14.655172413793103,11.83448275862069,18.862068965517242,83.67586206896551
20240826,158.13793103448276,0.0,82.0,899.1275862068966,0.4607142857142857,187.41379310344828,14.258620689655173,11.134482758620688,18.120689655172413,81.23793103448276
20240827,249.0,0.0,36.111111111111114,898.4758620689655,1.6607142857142858,587.551724137931,16.131034482758622,10.993103448275862,21.644827586206898,75.66896551724139
20240828,248.68965517241378,0.0,25.555555555555557,898.6310344827587,0.0,603.3103448275862,17.944827586206895,11.979310344827585,24.555172413793105,70.7655172413793
20240829,245.68965517241378,0.0,24.11111111111111,899.2758620689655,0.14285714285714285,591.3793103448276,19.13448275862069,13.379310344827585,25.731034482758623,68.07586206896552
20240830,243.20689655172413,0.0,42.22222222222222,898.5793103448276,0.3892857142857143,579.0689655172414,19.520689655172415,13.99655172413793,25.73448275862069,68.03103448275863
20240831,225.58620689655172,0.0,66.33333333333333,898.596551724138,0.12500000000000003,549.0689655172414,19.441379310344825,14.427586206896551,25.375862068965517,69.40689655172413
20240901,211.6206896551724,0.0,60.333333333333336,896.4344827586207,5.546428571428571,465.2413793103448,18.47241379310345,13.386206896551723,25.36896551724138,70.96206896551725
20240902,169.75862068965517,0.0,65.33333333333333,894.8862068965517,0.4928571428571428,319.3448275862069,16.56896551724138,12.600000000000001,21.29655172413793,78.88965517241378
20240903,166.27586206896552,0.0,74.11111111111111,896.0413793103448,2.414285714285714,247.3793103448276,17.286206896551725,13.10689655172414,22.04137931034483,76.41379310344827
20240904,137.20689655172413,0.0,87.55555555555556,894.2758620689655,5.910714285714286,155.06896551724137,16.46551724137931,13.39310344827586,20.28620689655172,81.72758620689655
20240905,66.34482758620689,0.0,94.22222222222223,888.9137931034483,9.614285714285714,25.0,14.520689655172415,11.924137931034483,17.59655172413793,87.33103448275861
20240906,213.68965517241378,0.0,49.666666666666664,891.9655172413793,0.05714285714285715,486.1034482758621,14.706896551724139,10.420689655172414,19.56206896551724,80.6103448275862
20240907,223.75862068965517,0.0,49.55555555555556,893.2758620689655,0.35,547.4137931034483,17.19655172413793,11.075862068965517,22.720689655172414,69.09655172413792
20240908,40.86206896551724,0.0,96.88888888888889,891.2275862068965,22.62142857142857,6.344827586206897,14.279310344827588,11.079310344827586,17.631034482758622,87.71724137931035
20240909,84.75862068965517,0.0,82.11111111111111,889.5241379310345,12.517857142857142,58.241379310344826,11.744827586206897,9.86896551724138,14.200000000000001,88.41379310344827
20240910,186.24137931034483,0.0,61.22222222222222,893.1999999999999,0.5321428571428571,354.2758620689655,11.958620689655174,8.393103448275863,15.937931034482759,79.2344827586207
20240911,97.13793103448276,0.0,83.44444444444444,889.9137931034483,9.357142857142858,113.3103448275862,9.955172413793104,4.982758620689655,13.789655172413791,82.33103448275861
20240912,134.27586206896552,0.2,89.0,889.7448275862068,4.835714285714286,117.03448275862068,6.086206896551724,3.5379310344827584,9.751724137931035,78.23793103448276
20240913,108.79310344827586,1.2,79.55555555555556,895.3379310344827,9.714285714285714,106.06896551724138,4.724137931034483,2.63448275862069,7.389655172413794,78.7344827586207
20240914,125.58620689655173,1.8,81.55555555555556,900.9310344827586,0.4107142857142857,156.58620689655172,6.179310344827586,3.0655172413793106,9.217241379310344,75.05172413793103
20240915,234.51724137931035,1.8,21.444444444444443,899.2034482758621,0.014285714285714287,597.9655172413793,7.5344827586206895,2.7655172413793103,12.889655172413793,65.00344827586207
20240916,104.0,1.8,84.88888888888889,897.5379310344827,2.5857142857142854,96.0,7.106896551724137,3.6206896551724137,10.441379310344828,75.64137931034483
20240917,147.31034482758622,1.88,60.333333333333336,896.1413793103447,0.2642857142857143,237.9655172413793,9.244827586206897,5.703448275862069,13.568965517241379,80.0
20240918,182.13793103448276,1.6,61.333333333333336,896.4172413793103,0.03928571428571429,397.2758620689655,9.589655172413794,4.955172413793104,14.748275862068965,76.60000000000001
20240919,152.31034482758622,1.4,66.77777777777777,895.6931034482758,0.2535714285714286,290.2413793103448,10.06551724137931,5.703448275862069,14.993103448275862,81.14137931034483
20240920,176.86206896551724,1.2,49.333333333333336,897.8655172413793,0.0071428571428571435,406.44827586206895,11.379310344827585,6.544827586206897,17.044827586206896,76.52758620689656
20240921,174.0,1.2,42.77777777777778,898.2241379310345,0.0,422.3103448275862,12.206896551724139,7.4896551724137925,17.689655172413794,74.48965517241379
20240922,128.75862068965517,0.8,87.55555555555556,895.1344827586207,1.5892857142857142,192.75862068965517,11.944827586206896,7.8310344827586205,16.651724137931033,77.94827586206897
20240923,64.0,0.6,96.33333333333333,890.8965517241379,8.732142857142858,26.551724137931036,10.66551724137931,7.641379310344828,13.43448275862069,89.47586206896553
20240924,128.3793103448276,0.4,78.66666666666667,889.6034482758621,0.6285714285714287,196.44827586206895,9.806896551724137,6.786206896551724,13.83448275862069,83.5551724137931
20240925,130.17241379310346,0.2,75.55555555555556,889.696551724138,9.396428571428572,231.27586206896552,10.689655172413794,6.403448275862068,14.827586206896552,77.78275862068965
20240926,44.55172413793103,0.2,99.11111111111111,885.1724137931035,21.353571428571428,17.517241379310345,11.875862068965516,9.296551724137931,14.444827586206896,87.39310344827587
20240927,95.58620689655173,0.0,83.88888888888889,886.6931034482758,10.760714285714286,131.27586206896552,9.875862068965516,6.103448275862069,14.375862068965516,83.47241379310344
20240928,88.65517241379311,0.4,78.33333333333333,895.9655172413793,5.389285714285714,85.82758620689656,6.4206896551724135,3.493103448275862,9.382758620689655,85.90689655172415
20240929,165.17241379310346,0.56,56.666666666666664,899.9758620689655,0.25,342.82758620689657,6.931034482758621,2.1620689655172414,11.417241379310346,75.31724137931033
20240930,149.31034482758622,0.4,70.11111111111111,896.0137931034483,0.20357142857142857,314.2068965517241,10.5,6.344827586206897,15.324137931034482,73.7
20241001,49.03448275862069,0.2,97.77777777777777,891.0586206896552,24.410714285714285,3.0689655172413794,9.617241379310345,7.210344827586207,11.982758620689655,86.68275862068967
20241002,134.6206896551724,0.12,71.77777777777777,887.1413793103447,0.20357142857142857,256.86206896551727,8.83448275862069,5.506896551724138,12.358620689655172,83.22068965517242
20241003,55.62068965517241,0.04,98.22222222222223,887.0137931034483,6.9071428571428575,30.137931034482758,6.662068965517241,4.875862068965517,8.675862068965516,86.98275862068965
20241004,74.3103448275862,0.84,92.22222222222223,890.2068965517242,3.7285714285714286,39.241379310344826,5.693103448275862,3.951724137931034,7.779310344827586,86.06551724137931
20241005,143.0,1.6,52.0,891.6482758620689,0.0035714285714285718,273.3103448275862,5.9206896551724135,1.986206896551724,10.189655172413794,81.14482758620689
20241006,92.62068965517241,1.08,86.22222222222223,889.1931034482758,0.8107142857142857,87.03448275862068,6.903448275862068,1.9275862068965517,11.324137931034482,79.96206896551725
20241007,109.48275862068965,0.92,86.11111111111111,888.5448275862069,7.385714285714286,184.24137931034483,11.806896551724137,6.910344827586207,16.489655172413794,79.92068965517241
20241008,26.344827586206897,0.8,98.22222222222223,885.1137931034483,24.510714285714283,3.7241379310344827,10.082758620689654,6.810344827586207,13.113793103448277,91.99310344827587
20241009,96.55172413793103,0.2,86.77777777777777,879.8448275862069,14.674999999999999,159.41379310344828,10.755172413793103,5.368965517241379,15.168965517241379,77.97586206896553
20241010,87.58620689655173,0.08,82.88888888888889,883.2344827586206,6.010714285714286,110.72413793103448,9.410344827586206,6.241379310344827,14.068965517241379,83.45172413793104
20241011,128.86206896551724,0.4,50.666666666666664,892.451724137931,1.2107142857142856,292.0689655172414,6.73448275862069,2.7655172413793103,10.910344827586206,82.08275862068966
20241012,75.89655172413794,0.4,89.0,893.8517241379311,10.375,111.6896551724138,7.031034482758621,2.5620689655172413,10.875862068965516,84.15862068965517
20241013,73.34482758620689,0.0,83.55555555555556,896.5344827586207,2.9857142857142853,85.13793103448276,9.60344827586207,5.841379310344828,13.527586206896553,88.32068965517242
20241014,66.48275862068965,0.0,75.0,897.7068965517242,0.9392857142857143,75.51724137931035,9.451724137931036,5.089655172413793,13.937931034482759,85.85517241379311
20241015,67.82758620689656,0.0,75.88888888888889,897.4206896551724,2.0464285714285713,97.79310344827586,10.693103448275863,7.013793103448276,15.020689655172415,85.27586206896552
20241016,60.827586206896555,0.0,88.55555555555556,894.5137931034483,4.367857142857143,73.96551724137932,12.272413793103448,8.955172413793104,15.56551724137931,81.53793103448275
20241017,69.51724137931035,0.0,86.55555555555556,894.1724137931035,4.903571428571429,91.79310344827586,12.417241379310346,9.920689655172414,15.844827586206897,83.92068965517241
20241018,47.793103448275865,0.0,88.0,893.5034482758621,5.689285714285715,48.06896551724138,10.158620689655173,6.475862068965518,13.582758620689654,89.34827586206896
20241019,60.275862068965516,0.0,92.22222222222223,896.8172413793104,1.1642857142857144,19.517241379310345,8.637931034482758,5.76896551724138,11.555172413793104,87.5551724137931
20241020,91.37931034482759,0.0,81.33333333333333,901.6,0.11071428571428572,234.72413793103448,10.275862068965518,6.937931034482758,14.227586206896552,86.50689655172413
20241021,122.24137931034483,0.0,57.0,904.5344827586207,0.6321428571428571,412.37931034482756,10.848275862068967,6.662068965517241,16.00344827586207,83.18620689655172
20241022,87.44827586206897,0.0,76.0,905.7103448275861,3.467857142857143,147.3448275862069,11.444827586206896,8.344827586206897,15.203448275862069,87.34137931034483
20241023,55.275862068965516,0.0,93.66666666666667,906.196551724138,1.9892857142857143,39.758620689655174,9.775862068965518,8.10344827586207,11.875862068965516,91.6896551724138
20241024,71.17241379310344,0.0,74.11111111111111,902.7137931034483,2.275,110.75862068965517,9.53448275862069,6.975862068965518,12.76896551724138,88.48275862068965
20241025,79.34482758620689,0.0,83.0,899.1206896551724,1.2428571428571427,177.0344827586207,9.46896551724138,6.806896551724138,13.096551724137932,85.5758620689655
20241026,57.172413793103445,0.0,91.44444444444444,896.3241379310346,3.189285714285714,82.75862068965517,9.593103448275862,7.175862068965517,12.510344827586207,85.57241379310345
20241027,80.6896551724138,0.0,68.11111111111111,900.5862068965517,0.8607142857142858,196.41379310344828,9.955172413793104,6.344827586206897,14.072413793103449,84.41034482758621
20241028,112.79310344827586,0.0,20.333333333333332,903.8655172413793,0.014285714285714287,395.55172413793105,8.948275862068966,5.3310344827586205,14.299999999999999,83.66896551724139
20241029,107.62068965517241,0.0,16.22222222222222,903.9137931034483,0.04285714285714286,384.8965517241379,8.686206896551724,5.272413793103448,13.924137931034483,82.52758620689656
20241030,97.96551724137932,0.0,33.333333333333336,903.5448275862069,0.02142857142857143,334.9310344827586,8.210344827586207,4.910344827586207,13.200000000000001,80.1103448275862
20241031,92.58620689655173,0.0,36.22222222222222,903.8275862068965,0.017857142857142856,315.86206896551727,7.841379310344828,4.589655172413793,12.686206896551724,74.17931034482758
20241101,106.75862068965517,0.0,20.444444444444443,902.7206896551725,0.014285714285714287,394.9310344827586,7.8,3.796551724137931,13.555172413793104,71.89310344827587
20241102,87.34482758620689,0.0,34.666666666666664,902.7448275862068,0.03928571428571429,302.48275862068965,7.241379310344827,3.4413793103448276,12.093103448275862,74.72413793103448
20241103,92.0,0.0,43.55555555555556,904.5034482758621,0.0035714285714285718,325.1034482758621,7.310344827586207,3.4793103448275864,12.46896551724138,71.48275862068965
20241104,89.20689655172414,0.0,30.555555555555557,903.0655172413793,0.0035714285714285718,308.6896551724138,7.2379310344827585,3.7758620689655173,12.337931034482759,69.8896551724138
20241105,87.41379310344827,0.0,35.333333333333336,902.451724137931,0.0071428571428571435,338.0344827586207,6.672413793103448,3.055172413793103,12.062068965517241,74.30344827586208
20241106,84.17241379310344,0.0,53.333333333333336,904.5206896551724,0.021428571428571432,299.55172413793105,6.458620689655173,3.024137931034483,11.493103448275862,79.58620689655173
20241107,77.44827586206897,0.0,51.55555555555556,904.6896551724138,0.0071428571428571435,279.7586206896552,5.76551724137931,2.3310344827586205,10.355172413793104,76.37931034482759
20241108,89.20689655172414,0.0,37.55555555555556,902.0896551724137,0.0035714285714285718,340.7586206896552,5.551724137931035,1.6241379310344828,10.437931034482759,74.9448275862069
20241109,77.34482758620689,0.0,47.666666666666664,901.5689655172414,0.017857142857142856,299.3448275862069,5.310344827586207,2.086206896551724,9.86896551724138,75.75862068965517
20241110,75.37931034482759,0.0,40.888888888888886,901.4068965517241,0.014285714285714287,284.86206896551727,4.4655172413793105,1.6482758620689657,8.689655172413794,77.06206896551724
20241111,80.20689655172414,0.0,52.77777777777778,901.6448275862069,4.0285714285714285,280.6551724137931,3.5931034482758624,0.1,7.73103448275862,78.43793103448276
20241112,56.96551724137931,1.72,79.66666666666667,898.7413793103449,0.5285714285714286,121.82758620689656,2.341379310344828,-0.09999999999999998,5.062068965517242,83.14827586206897
20241113,60.62068965517241,0.92,64.0,900.9103448275863,0.5428571428571428,160.79310344827587,1.603448275862069,-1.3379310344827586,5.110344827586207,76.68275862068967
20241114,85.62068965517241,1.24,36.666666666666664,900.6034482758621,0.0,313.0344827586207,0.8931034482758622,-2.5103448275862066,4.720689655172414,76.46551724137932
20241115,84.79310344827586,1.0,12.555555555555555,900.3758620689656,0.0,344.37931034482756,1.4,-2.3034482758620687,6.437931034482758,71.12758620689655
20241116,85.3103448275862,0.8,11.666666666666666,897.3620689655172,0.0,357.3103448275862,2.1862068965517243,-1.6413793103448275,8.113793103448275,65.53793103448275
20241117,74.55172413793103,0.6,41.44444444444444,892.5827586206897,0.6178571428571428,275.2758620689655,2.6206896551724137,-2.079310344827586,7.551724137931035,70.51034482758621
20241118,63.793103448275865,1.0,72.66666666666667,891.3758620689656,0.6571428571428571,179.06896551724137,3.606896551724138,0.9137931034482759,6.662068965517241,77.2344827586207
20241119,31.20689655172414,1.0,89.44444444444444,884.1034482758621,17.02857142857143,19.896551724137932,4.313793103448276,1.2620689655172415,7.182758620689656,82.20689655172414
20241120,55.689655172413794,4.36,74.22222222222223,881.1689655172414,3.2285714285714286,127.27586206896552,-0.23448275862068974,-3.968965517241379,5.182758620689656,76.10000000000001
20241121,25.137931034482758,7.0,78.33333333333333,876.2827586206897,21.349999999999998,13.96551724137931,-2.841379310344828,-5.941379310344827,0.9551724137931035,81.41724137931034
20241122,47.13793103448276,27.88,77.77777777777777,885.1103448275862,1.4142857142857144,65.03448275862068,-3.7862068965517244,-6.327586206896552,-0.34827586206896555,76.17241379310344
20241123,64.37931034482759,25.2,54.333333333333336,898.596551724138,0.017857142857142856,154.58620689655172,-2.1586206896551725,-8.141379310344828,2.4068965517241376,66.94137931034483
20241124,62.172413793103445,19.92,71.77777777777777,900.3275862068965,0.025,136.41379310344828,3.6620689655172414,-0.8206896551724138,8.10344827586207,68.32758620689656
20241125,63.758620689655174,14.72,62.0,895.4965517241379,5.814285714285715,244.93103448275863,5.703448275862069,1.4793103448275862,9.53103448275862,66.01379310344828
20241126,56.51724137931034,11.56,82.44444444444444,898.0379310344827,0.05357142857142857,157.58620689655172,3.8379310344827586,1.3724137931034484,6.982758620689655,85.86206896551724
20241127,71.37931034482759,9.72,34.888888888888886,898.893103448276,1.9035714285714285,318.2413793103448,3.113793103448276,-0.31379310344827577,7.155172413793103,78.21379310344827
20241128,20.103448275862068,9.2,83.0,900.0931034482759,9.132142857142858,26.24137931034483,3.2413793103448274,-0.6344827586206897,6.834482758620689,86.59310344827585
20241129,64.27586206896552,9.76,32.888888888888886,903.2862068965517,0.0,263.41379310344826,0.1137931034482759,-3.4896551724137934,3.6724137931034484,74.39655172413794
20241130,60.44827586206897,9.32,30.11111111111111,903.4620689655173,0.0,244.17241379310346,-0.2655172413793103,-3.3517241379310345,3.7413793103448274,67.13793103448276
20241201,66.27586206896552,9.08,22.666666666666668,901.0655172413793,0.04285714285714286,293.51724137931035,0.041379310344827565,-3.5413793103448277,4.541379310344827,63.93103448275862
20241202,40.96551724137931,8.76,78.22222222222223,896.4620689655173,7.628571428571428,75.48275862068965,3.503448275862069,-0.593103448275862,7.175862068965517,77.90689655172415
20241203,41.51724137931034,9.52,72.22222222222223,894.3103448275862,0.775,66.55172413793103,1.5931034482758621,-1.0793103448275863,4.06551724137931,82.78275862068965
20241204,50.44827586206897,9.72,70.44444444444444,898.2241379310345,0.8071428571428572,131.72413793103448,-0.7586206896551725,-3.7241379310344827,1.7275862068965517,79.97241379310344
20241205,57.689655172413794,10.04,53.888888888888886,898.4793103448276,8.696428571428571,202.3448275862069,-1.103448275862069,-5.720689655172414,3.36551724137931,72.9241379310345
20241206,42.96551724137931,10.32,61.888888888888886,893.4689655172414,2.5357142857142856,106.10344827586206,2.572413793103448,-1.9620689655172414,6.944827586206896,72.18275862068967
20241207,28.20689655172414,10.32,82.22222222222223,886.0448275862069,6.832142857142857,11.689655172413794,1.0241379310344827,-2.8931034482758617,5.251724137931034,72.50689655172413
20241208,31.75862068965517,12.64,88.11111111111111,881.2931034482758,2.1535714285714285,0.6206896551724138,-0.6379310344827588,-2.403448275862069,1.0758620689655172,87.13448275862069
20241209,29.620689655172413,14.36,85.77777777777777,887.551724137931,0.5357142857142857,14.137931034482758,-0.693103448275862,-2.468965517241379,0.6379310344827587,86.15517241379311
20241210,36.689655172413794,14.24,84.33333333333333,893.8793103448276,0.0071428571428571435,66.65517241379311,-1.696551724137931,-3.7965517241379314,0.3551724137931033,79.15172413793104
20241211,44.93103448275862,13.76,52.333333333333336,899.0172413793103,0.0,176.0344827586207,-2.3793103448275863,-4.6000000000000005,0.47241379310344833,76.08965517241379
20241212,47.86206896551724,13.52,38.0,901.4206896551724,0.0,200.89655172413794,-2.8379310344827586,-5.3310344827586205,0.6413793103448276,73.72413793103448
20241213,46.6551724137931,13.4,62.55555555555556,900.5,0.29642857142857143,163.82758620689654,-2.293103448275862,-5.506896551724138,0.8206896551724138,73.8103448275862
20241214,28.24137931034483,13.12,94.88888888888889,897.2275862068965,3.5964285714285715,17.0,-0.993103448275862,-3.424137931034483,1.106896551724138,84.75862068965517
20241215,49.310344827586206,16.32,59.77777777777778,905.1344827586207,0.5178571428571429,140.82758620689654,-0.4620689655172414,-3.589655172413793,2.6689655172413795,79.7551724137931
20241216,60.13793103448276,16.28,26.0,910.9,0.014285714285714287,316.7931034482759,1.4275862068965517,-2.2586206896551726,5.958620689655173,77.59655172413794
20241217,54.89655172413793,15.64,56.111111111111114,905.6931034482758,0.0,229.27586206896552,1.9172413793103449,-1.7448275862068967,6.06551724137931,72.01724137931035
20241218,40.310344827586206,14.88,69.88888888888889,900.3620689655172,0.0035714285714285718,75.41379310344827,3.627586206896552,-0.19999999999999996,7.86551724137931,69.02413793103449
20241219,21.17241379310345,13.56,90.33333333333333,888.0310344827586,13.075000000000001,7.551724137931035,3.072413793103448,-2.103448275862069,8.024137931034483,81.08620689655173
20241220,39.827586206896555,17.96,59.888888888888886,895.196551724138,0.7285714285714285,83.37931034482759,-2.403448275862069,-5.741379310344827,0.02068965517241369,75.86551724137931
20241221,53.241379310344826,17.4,58.333333333333336,897.6551724137931,5.914285714285714,165.3448275862069,-2.0931034482758624,-6.220689655172414,1.9586206896551726,72.9793103448276
20241222,11.275862068965518,18.56,90.33333333333333,885.4103448275863,18.349999999999998,0.034482758620689655,-0.4,-3.975862068965517,3.8793103448275863,86.37586206896552
20241223,19.79310344827586,31.44,82.44444444444444,888.6103448275862,11.642857142857142,16.103448275862068,-2.1724137931034484,-4.3,-0.40689655172413774,81.84137931034483
20241224,51.89655172413793,36.24,56.44444444444444,900.0,0.35357142857142854,163.93103448275863,-2.296551724137931,-5.751724137931035,0.5103448275862068,78.09655172413794
20241225,60.44827586206897,33.88,9.777777777777779,906.3482758620689,0.0,297.0344827586207,-2.7586206896551726,-6.26896551724138,1.2999999999999998,70.91724137931034
20241226,51.206896551724135,32.4,24.11111111111111,906.9,0.0,224.27586206896552,-1.9551724137931032,-5.137931034482759,1.706896551724138,71.71379310344827
20241227,49.172413793103445,31.48,22.22222222222222,907.0206896551724,0.0,209.41379310344828,-1.4793103448275862,-4.486206896551724,2.2551724137931033,74.11379310344829
20241228,51.3448275862069,30.12,22.22222222222222,905.0448275862069,0.0,232.6551724137931,-0.9586206896551724,-3.6310344827586207,2.841379310344828,75.00689655172413
20241229,53.58620689655172,29.4,26.444444444444443,904.6034482758621,0.0,239.86206896551724,-1.103448275862069,-3.817241379310345,2.8448275862068964,73.17586206896551
20241230,51.13793103448276,28.6,40.77777777777778,905.2413793103449,0.0,212.9655172413793,-1.710344827586207,-4.272413793103448,2.1,71.36551724137931
20241231,56.10344827586207,27.88,28.666666666666668,905.2620689655172,0.0,251.48275862068965,-1.8413793103448275,-4.9206896551724135,2.348275862068965,69.06896551724138
20250101,65.48275862068965,27.36,42.111111111111114,901.9103448275863,0.0035714285714285718,315.7931034482759,-0.9103448275862068,-4.982758620689655,3.996551724137931,63.62068965517241
20250102,34.89655172413793,26.52,78.33333333333333,893.0034482758621,12.510714285714286,37.6551724137931,1.475862068965517,-3.0413793103448277,5.355172413793104,68.81379310344828
20250103,58.89655172413793,32.8,39.44444444444444,894.3068965517242,0.06071428571428572,204.31034482758622,-3.5448275862068965,-8.313793103448276,-0.08275862068965523,77.24827586206897
20250104,55.3448275862069,30.88,53.77777777777778,893.2620689655172,9.117857142857144,191.75862068965517,-4.417241379310345,-9.510344827586207,0.7586206896551724,72.08965517241379
20250105,35.55172413793103,30.48,88.11111111111111,885.9620689655173,0.7642857142857142,35.724137931034484,3.2034482758620686,-0.8103448275862069,7.26896551724138,80.9241379310345
20250106,32.86206896551724,26.44,93.11111111111111,880.8862068965517,11.192857142857141,42.48275862068966,4.365517241379311,0.6448275862068966,7.555172413793104,71.96896551724137
20250107,52.689655172413794,27.96,48.22222222222222,884.6758620689654,2.092857142857143,166.17241379310346,0.5827586206896551,-2.8448275862068964,3.9068965517241376,78.27931034482758
20250108,30.103448275862068,26.92,89.88888888888889,885.1931034482758,6.035714285714286,18.137931034482758,3.4517241379310346,-0.9724137931034483,7.372413793103449,80.9241379310345
20250109,37.310344827586206,27.24,85.66666666666667,884.6275862068966,6.632142857142857,47.3448275862069,3.4827586206896552,-1.596551724137931,7.041379310344827,81.9793103448276
20250110,31.03448275862069,28.04,87.44444444444444,892.2586206896551,3.375,22.82758620689655,-1.9137931034482758,-3.86551724137931,0.21724137931034473,79.14482758620689
20250111,59.724137931034484,31.84,51.0,895.5068965517241,0.4857142857142857,203.31034482758622,-3.4344827586206894,-6.693103448275862,-0.7689655172413792,79.5551724137931
20250112,73.10344827586206,29.84,23.22222222222222,904.0275862068966,0.0,282.17241379310343,-5.558620689655172,-8.941379310344828,-2.3689655172413793,68.2896551724138
20250113,76.06896551724138,29.0,12.0,906.606896551724,0.0035714285714285718,337.2413793103448,-5.772413793103448,-9.56551724137931,-1.6551724137931034,63.234482758620686
20250114,70.34482758620689,28.76,21.77777777777778,905.551724137931,0.0,302.0344827586207,-4.210344827586207,-8.348275862068965,0.2896551724137931,64.91034482758621
20250115,66.44827586206897,28.12,49.22222222222222,902.6413793103447,0.0,216.48275862068965,-2.2896551724137932,-7.117241379310345,2.2758620689655173,71.39310344827587
20250116,63.793103448275865,27.6,38.44444444444444,905.1517241379311,0.0,245.82758620689654,-2.668965517241379,-6.06551724137931,1.186206896551724,73.68275862068967
20250117,65.58620689655173,27.32,33.22222222222222,906.5,0.0,247.17241379310346,-2.841379310344828,-5.9655172413793105,1.0655172413793104,72.15517241379311
20250118,66.6896551724138,26.6,49.22222222222222,902.3655172413793,0.024999999999999998,238.6206896551724,-2.1586206896551725,-6.2379310344827585,2.468965517241379,70.26206896551724
20250119,46.13793103448276,26.36,88.0,896.7172413793103,0.75,110.10344827586206,-0.8379310344827585,-4.303448275862069,2.382758620689655,78.35172413793104
20250120,55.48275862068966,26.68,84.33333333333333,894.6758620689654,0.5964285714285714,116.51724137931035,-0.45517241379310347,-3.048275862068966,2.810344827586207,82.0
20250121,70.86206896551724,26.4,51.44444444444444,892.4793103448276,0.042857142857142864,269.13793103448273,-1.5310344827586206,-4.320689655172414,2.2724137931034485,81.36206896551724
20250122,35.689655172413794,26.0,89.55555555555556,887.8655172413793,2.942857142857143,7.482758620689655,0.32413793103448263,-3.6206896551724137,3.579310344827586,78.40689655172415
20250123,54.793103448275865,19.52,83.88888888888889,888.1689655172414,2.7142857142857144,92.17241379310344,1.7551724137931033,-2.2413793103448274,5.624137931034483,83.19655172413792
20250124,78.72413793103448,25.4,59.666666666666664,891.8793103448276,0.0,224.44827586206895,3.117241379310345,-2.444827586206897,9.141379310344828,59.782758620689656
20250125,69.82758620689656,24.76,79.88888888888889,889.6517241379311,7.107142857142857,196.75862068965517,5.644827586206896,1.0586206896551722,9.979310344827585,60.66896551724138
20250126,80.72413793103448,27.96,62.57142857142857,888.2275862068965,4.603571428571429,264.2068965517241,2.6517241379310343,-0.5655172413793104,6.358620689655172,73.42758620689655
